<?xml version="1.0" encoding="UTF-8"?>

<mule xmlns:file="http://www.mulesoft.org/schema/mule/file" xmlns:CiscoSpark="http://www.mulesoft.org/schema/mule/CiscoSpark" xmlns:dw="http://www.mulesoft.org/schema/mule/ee/dw" xmlns:db="http://www.mulesoft.org/schema/mule/db" xmlns:http="http://www.mulesoft.org/schema/mule/http" xmlns:batch="http://www.mulesoft.org/schema/mule/batch" xmlns:sfdc="http://www.mulesoft.org/schema/mule/sfdc" xmlns="http://www.mulesoft.org/schema/mule/core" xmlns:doc="http://www.mulesoft.org/schema/mule/documentation"
	xmlns:spring="http://www.springframework.org/schema/beans" 
	xmlns:xsi="http://www.w3.org/2001/XMLSchema-instance"
	xsi:schemaLocation="http://www.springframework.org/schema/beans http://www.springframework.org/schema/beans/spring-beans-current.xsd
http://www.mulesoft.org/schema/mule/core http://www.mulesoft.org/schema/mule/core/current/mule.xsd
http://www.mulesoft.org/schema/mule/http http://www.mulesoft.org/schema/mule/http/current/mule-http.xsd
http://www.mulesoft.org/schema/mule/db http://www.mulesoft.org/schema/mule/db/current/mule-db.xsd
http://www.mulesoft.org/schema/mule/batch http://www.mulesoft.org/schema/mule/batch/current/mule-batch.xsd
http://www.mulesoft.org/schema/mule/sfdc http://www.mulesoft.org/schema/mule/sfdc/current/mule-sfdc.xsd
http://www.mulesoft.org/schema/mule/ee/dw http://www.mulesoft.org/schema/mule/ee/dw/current/dw.xsd
http://www.mulesoft.org/schema/mule/CiscoSpark http://www.mulesoft.org/schema/mule/CiscoSpark/current/mule-CiscoSpark.xsd
http://www.mulesoft.org/schema/mule/file http://www.mulesoft.org/schema/mule/file/current/mule-file.xsd">
    <http:listener-config name="HTTP_Listener_Configuration" host="0.0.0.0" port="8081" doc:name="HTTP Listener Configuration"/>
    <db:mysql-config name="MySQL_Configuration" host="localhost" port="3306" user="root" password="root" database="one" doc:name="MySQL Configuration"/>
    <sfdc:config name="Salesforce__Basic_Authentication" username="harish93@eidiko.com" password="**********" securityToken="YBJ6ULya1PI0XGRIJ52DX0MW" doc:name="Salesforce: Basic Authentication"/>
   
    <batch:job name="batch_processingBatch" max-failed-records="-1">
        <batch:input>
            <poll doc:name="Poll">
                <fixed-frequency-scheduler frequency="100" timeUnit="SECONDS"/>
                <db:select config-ref="MySQL_Configuration" doc:name="Database">
                    <db:parameterized-query><![CDATA[select * from SalesforceAccount]]></db:parameterized-query>
                </db:select>
            </poll>
        </batch:input>
        <batch:process-records>
            <batch:step name="Batch_Step">
                <dw:transform-message doc:name="Transform Message">
                    <dw:set-payload><![CDATA[%dw 1.0
%output application/java
---
[{
	LastName: payload.name,
	OtherCity: payload.city,
	OtherState: payload.state,
	Phone: payload.phone as :string
}]
]]></dw:set-payload>
                </dw:transform-message>
                <logger message="this is the paylaod #[payload]" level="INFO" doc:name="Logger"/>
                <logger message="after expression #[flowVars.arry]" level="INFO" doc:name="Logger"/>
                <batch:set-record-variable variableName="record" value="#[payload.Phone]" doc:name="Record Variable"/>
                <logger message="&quot;this is record variable &quot; #[recordVars.record] " level="INFO" doc:name="Logger"/>
            </batch:step>


            <batch:step name="Batch_Step2" >
                <batch:commit  doc:name="Batch Commit" size="3">
                    <sfdc:create config-ref="Salesforce__Basic_Authentication" type="Contact" doc:name="Salesforce">
                        <sfdc:objects ref="#[payload]"/>
                    </sfdc:create>
                    <logger message="&quot;after sales force&quot;   #[payload]" level="INFO" doc:name="Logger"/>
                </batch:commit>




            </batch:step>

        </batch:process-records>
        <batch:on-complete>
            <logger message="completed" level="INFO" doc:name="Logger"/>
        </batch:on-complete>
    </batch:job>
    <catch-exception-strategy name="batch_processingCatch_Exception_Strategy">
        <logger level="INFO" doc:name="Logger"/>
    </catch-exception-strategy>
</mule>
