<?xml version="1.0" encoding="UTF-8"?>

<mule xmlns:dw="http://www.mulesoft.org/schema/mule/ee/dw" xmlns:db="http://www.mulesoft.org/schema/mule/db" xmlns:batch="http://www.mulesoft.org/schema/mule/batch" xmlns:sfdc="http://www.mulesoft.org/schema/mule/sfdc" xmlns="http://www.mulesoft.org/schema/mule/core" xmlns:doc="http://www.mulesoft.org/schema/mule/documentation"
	xmlns:spring="http://www.springframework.org/schema/beans" 
	xmlns:xsi="http://www.w3.org/2001/XMLSchema-instance"
	xsi:schemaLocation="http://www.springframework.org/schema/beans http://www.springframework.org/schema/beans/spring-beans-current.xsd
http://www.mulesoft.org/schema/mule/core http://www.mulesoft.org/schema/mule/core/current/mule.xsd
http://www.mulesoft.org/schema/mule/db http://www.mulesoft.org/schema/mule/db/current/mule-db.xsd
http://www.mulesoft.org/schema/mule/batch http://www.mulesoft.org/schema/mule/batch/current/mule-batch.xsd
http://www.mulesoft.org/schema/mule/ee/dw http://www.mulesoft.org/schema/mule/ee/dw/current/dw.xsd
http://www.mulesoft.org/schema/mule/sfdc http://www.mulesoft.org/schema/mule/sfdc/current/mule-sfdc.xsd">
    <db:mysql-config name="MySQL_Configuration" host="localhost" port="3306" user="root" password="root" database="one" doc:name="MySQL Configuration"/>
    <sfdc:config name="Salesforce__Basic_Authentication" username="harish93@eidiko.com" password="Harish@1914" securityToken="YBJ6ULya1PI0XGRIJ52DX0MW" doc:name="Salesforce: Basic Authentication"/>
    <batch:job name="batch_exampleBatch">
        <batch:input>
            <poll doc:name="Poll">
                <fixed-frequency-scheduler frequency="1000" timeUnit="SECONDS"/>
                <db:select config-ref="MySQL_Configuration" streaming="true" doc:name="Database">
                    <db:parameterized-query><![CDATA[select * from salesforceaccount]]></db:parameterized-query>
                </db:select>
            </poll>
        </batch:input>
        <batch:process-records>
            <batch:step name="Batch_Step">
                <batch:set-record-variable variableName="var" value="#[payload.name]" doc:name="Record Variable"/>
                <dw:transform-message doc:name="Transform Message">
                    <dw:set-payload><![CDATA[%dw 1.0
%output application/java
---
{
	LastName: payload.name,
	OtherCity: payload.city,
	OtherState: payload.state,
	Phone: payload.phone as :string
}]]></dw:set-payload>
                </dw:transform-message>
                <set-variable variableName="array" value="#[new java.util.ArrayList()]" doc:name="creating array list"/>
                <expression-component doc:name="Expression to add payload"><![CDATA[array.add(payload)]]></expression-component>
                <logger message="&quot;records in database&quot; #[payload] " level="INFO" doc:name="Logger"/>
                <logger message="&quot;record variables&quot; #[recordVars.var]" level="INFO" doc:name="Logger"/>
            </batch:step>
            <batch:step name="Batch_Step1" accept-expression="#[recordVars.var=='harish']" accept-policy="ALL">
                <batch:commit size="3" doc:name="Batch Commit">
                    <sfdc:create config-ref="Salesforce__Basic_Authentication" type="Contact" doc:name="Salesforce">
                        <sfdc:objects ref="#[payload]"/>
                    </sfdc:create>
                    <logger message="&quot;records committed in salesforce is&quot; #[payload]" level="INFO" doc:name="Displaying Records"/>
                </batch:commit>
            </batch:step>
        </batch:process-records>
        <batch:on-complete>
            <logger message="completed #[payload]" level="INFO" doc:name="Logger"/>
        </batch:on-complete>
    </batch:job>
</mule>
